Symbol,Year,Month,Open,High,Low,Close,Volume
BVC.CL,2020,1,11600.0,12300.0,10960.0,11260.0,431571
BVC.CL,2020,2,10900.0,11380.0,10100.0,10360.0,689826
BVC.CL,2020,3,10620.0,10700.0,8000.0,8840.0,499483
BVC.CL,2020,4,8600.0,9370.0,8450.0,9370.0,1723346
BVC.CL,2020,5,9370.0,10220.0,8560.0,10220.0,362013
BVC.CL,2020,6,10500.0,10900.0,9500.0,10700.0,673991
BVC.CL,2020,7,10640.0,11420.0,10500.0,11000.0,1239169
BVC.CL,2020,8,10940.0,11920.0,10700.0,10700.0,120712
BVC.CL,2020,9,11340.0,11860.0,10900.0,11500.0,737177
BVC.CL,2020,10,11100.0,11400.0,10200.0,10200.0,218534
BVC.CL,2020,11,10200.0,11490.0,10200.0,11150.0,452806
BVC.CL,2020,12,11190.0,11950.0,11140.0,11880.0,1037672
BVC.CL,2021,1,11880.0,12870.0,11810.0,12350.0,396364
BVC.CL,2021,2,12350.0,12680.0,11770.0,11770.0,696703
BVC.CL,2021,3,11800.0,12500.0,11700.0,12010.0,1667552
BVC.CL,2021,4,12010.0,12530.0,11840.0,11950.0,1473233
BVC.CL,2021,5,11690.0,11900.0,10810.0,11400.0,2323913
BVC.CL,2021,6,11500.0,11600.0,11180.0,11250.0,473070
BVC.CL,2021,7,11300.0,11300.0,10490.0,10500.0,312361
BVC.CL,2021,8,10480.0,10500.0,9345.0,9825.0,1123304
BVC.CL,2021,9,9825.0,9885.0,9300.0,9700.0,345047
BVC.CL,2021,10,9700.0,10070.0,9680.0,9810.0,453724
BVC.CL,2021,11,9810.0,9960.0,9015.0,9600.0,428882
BVC.CL,2021,12,10000.0,10100.0,9355.0,9875.0,273683
BVC.CL,2022,1,9930.0,11050.0,9680.0,10930.0,258877
BVC.CL,2022,2,10930.0,10930.0,10000.0,10000.0,336418
BVC.CL,2022,3,10000.0,10130.0,9400.0,9400.0,65373331
BVC.CL,2022,4,9400.0,9695.0,9100.0,9415.0,445890
BVC.CL,2022,5,9415.0,10150.0,9250.0,10030.0,278546
BVC.CL,2022,6,10000.0,10130.0,8300.0,8980.0,394500
BVC.CL,2022,7,9000.0,9185.0,8530.0,8610.0,176402
BVC.CL,2022,8,8610.0,8845.0,7900.0,8290.0,219895
BVC.CL,2022,9,8290.0,8290.0,7190.0,7710.0,223177
BVC.CL,2022,10,7800.0,8200.0,7500.0,7900.0,123397
BVC.CL,2022,11,8070.0,8070.0,7505.0,7780.0,18296664
BVC.CL,2022,12,7780.0,7780.0,6840.72998046875,6969.77001953125,176307
BVC.CL,2023,1,6896.47998046875,7250.0,6700.0,7104.6201171875,576243
BVC.CL,2023,2,7130.1201171875,7385.0,6705.0,7200.0,392002
BVC.CL,2023,3,7272.35986328125,10130.0,7165.47021484375,9670.6298828125,3751215
BVC.CL,2023,4,9795.7197265625,10800.0,9520.0,10050.0,153745
BVC.CL,2023,5,10050.0,10250.0,9383.8203125,10250.0,96572
BVC.CL,2023,6,10046.400390625,10260.0,9100.0,9420.0,219733
BVC.CL,2023,7,9420.0,10200.0,9420.0,10200.0,75219
BVC.CL,2023,8,9400.0,9561.25,8470.0,9000.0,8452789
BVC.CL,2023,9,9212.5,9212.5,8210.0,8824.0400390625,20954
BVC.CL,2023,10,8531.2998046875,9000.0,8000.0,9000.0,41022
BVC.CL,2023,11,9000.0,11100.0,8950.0,11100.0,183919
BVC.CL,2023,12,11000.0,11580.0,11000.0,11500.0,83501
BVC.CL,2024,1,11500.0,11500.0,10385.9296875,10420.0,9884
BVC.CL,2024,2,10100.0,10100.0,9920.0,9920.0,12302
BVC.CL,2024,3,9920.0,9940.0,9000.0,9940.0,32482
BVC.CL,2024,4,9940.0,10300.0,9720.0,10140.0,72153
BVC.CL,2024,5,10140.0,10460.0,9000.0,10460.0,31146
BVC.CL,2024,6,10460.0,11180.0,10340.0,11180.0,109275
CEMARGOS.CL,2020,1,7300.0,7300.0,6320.0,6500.0,6431503
CEMARGOS.CL,2020,2,6520.0,6630.0,4905.0,5300.0,18583100
CEMARGOS.CL,2020,3,5300.0,5500.0,2415.0,4090.0,25481441
CEMARGOS.CL,2020,4,3900.0,4120.0,3490.0,3895.0,7179667
CEMARGOS.CL,2020,5,3895.0,3895.0,3295.0,3500.0,3326391
CEMARGOS.CL,2020,6,3600.0,3935.0,3385.0,3400.0,13268972
CEMARGOS.CL,2020,7,3405.0,4220.0,3405.0,3660.0,8639262
CEMARGOS.CL,2020,8,3840.0,5000.0,3730.0,5000.0,17542989
CEMARGOS.CL,2020,9,5080.0,5300.0,4400.0,4630.0,14873259
CEMARGOS.CL,2020,10,4590.0,4685.0,4010.0,4555.0,6733391
CEMARGOS.CL,2020,11,4555.0,5080.0,4540.0,4980.0,8593044
CEMARGOS.CL,2020,12,5100.0,6275.0,4956.0,6180.0,13815906
CEMARGOS.CL,2021,1,6180.0,6180.0,5700.0,5840.0,6764419
CEMARGOS.CL,2021,2,5840.0,6030.0,5560.0,5770.0,6332505
CEMARGOS.CL,2021,3,5610.0,5705.0,4850.0,5150.0,10237056
CEMARGOS.CL,2021,4,5150.0,5420.0,5090.0,5130.0,9675157
CEMARGOS.CL,2021,5,5010.0,5570.0,4860.0,5070.0,11147584
CEMARGOS.CL,2021,6,5100.0,5525.0,5015.0,5350.0,8425199
CEMARGOS.CL,2021,7,5460.0,5790.0,5360.0,5595.0,11271990
CEMARGOS.CL,2021,8,5465.0,5940.0,5250.0,5900.0,10045711
CEMARGOS.CL,2021,9,5825.0,6000.0,5720.0,5895.0,9103995
CEMARGOS.CL,2021,10,5930.0,6450.0,5880.0,6350.0,9982460
CEMARGOS.CL,2021,11,6350.0,6475.0,5945.0,6010.0,9903170
CEMARGOS.CL,2021,12,6290.0,6600.0,6045.0,6110.0,7402578
CEMARGOS.CL,2022,1,6175.0,6830.0,5995.0,6480.0,6709681
CEMARGOS.CL,2022,2,6270.0,6540.0,6060.0,6070.0,7903239
CEMARGOS.CL,2022,3,6175.0,6335.0,5925.0,6230.0,1528010111
CEMARGOS.CL,2022,4,6330.0,6600.0,5900.0,6005.0,7449835
CEMARGOS.CL,2022,5,6155.0,6155.0,4634.0,5500.0,6009933
CEMARGOS.CL,2022,6,5500.0,5895.0,4500.0,4640.0,5810033
CEMARGOS.CL,2022,7,4630.0,4740.0,3800.0,3900.0,4085754
CEMARGOS.CL,2022,8,3900.0,3991.0,3335.0,3489.0,7359794
CEMARGOS.CL,2022,9,3585.0,3965.0,3170.0,3380.0,6110405
CEMARGOS.CL,2022,10,3400.0,3684.0,2801.0,3330.0,2734006
CEMARGOS.CL,2022,11,3339.0,3960.0,3110.0,3503.0,358812142
CEMARGOS.CL,2022,12,3550.0,3800.0,3300.0,3600.0,3670703
CEMARGOS.CL,2023,1,3700.0,3845.0,3121.0,3213.0,4117888
CEMARGOS.CL,2023,2,3200.0,3268.0,2605.0,3012.0,13770072
CEMARGOS.CL,2023,3,3035.0,3140.0,2801.0,3018.0,38178130
CEMARGOS.CL,2023,4,3044.0,3250.0,2995.0,3090.0,4828469
CEMARGOS.CL,2023,5,3090.0,3250.0,2921.0,3180.0,4923739
CEMARGOS.CL,2023,6,3184.0,3750.0,3184.0,3400.0,10139395
CEMARGOS.CL,2023,7,3400.0,3648.0,3250.0,3500.0,6590592
CEMARGOS.CL,2023,8,3545.0,3625.0,2810.0,2902.0,534825700
CEMARGOS.CL,2023,9,2902.0,5360.0,2902.0,4910.0,31462008
CEMARGOS.CL,2023,10,4930.0,5080.0,4550.0,4736.0,10900172
CEMARGOS.CL,2023,11,4736.0,5670.0,4580.0,5540.0,18743664
CEMARGOS.CL,2023,12,5540.0,6410.0,5400.0,6110.0,12532805
CEMARGOS.CL,2024,1,6110.0,6760.0,6090.0,6400.0,9193552
CEMARGOS.CL,2024,2,6390.0,6830.0,6110.0,6790.0,8330689
CEMARGOS.CL,2024,3,6800.0,8800.0,6780.0,8640.0,14619223
CEMARGOS.CL,2024,4,8670.0,8930.0,7800.0,8120.0,16749090
CEMARGOS.CL,2024,5,8120.0,8560.0,7000.0,8200.0,17578597
CEMARGOS.CL,2024,6,8200.0,8350.0,8080.0,8330.0,6554047
CORFICOLCF.CL,2020,1,25815.796875,27391.56640625,25597.87109375,27240.6953125,2139779
CORFICOLCF.CL,2020,2,27240.6953125,28347.0859375,26503.099609375,26989.2421875,2715318
CORFICOLCF.CL,2020,3,26821.607421875,27659.78125,16428.234375,21608.15625,3008556
CORFICOLCF.CL,2020,4,21189.0703125,22630.73046875,20300.603515625,21624.919921875,1370325
CORFICOLCF.CL,2020,5,21624.919921875,21792.556640625,20132.96875,21792.556640625,752437
CORFICOLCF.CL,2020,6,22379.279296875,24038.865234375,21876.373046875,23284.5078125,1415469
CORFICOLCF.CL,2020,7,23301.271484375,25914.73828125,23217.453125,23379.6015625,1796294
CORFICOLCF.CL,2020,8,23999.30078125,25783.287109375,22928.91015625,25445.26953125,1064596
CORFICOLCF.CL,2020,9,25689.392578125,26027.412109375,24262.205078125,24975.798828125,1170826
CORFICOLCF.CL,2020,10,24863.126953125,24975.798828125,23642.50390625,24412.435546875,1041310
CORFICOLCF.CL,2020,11,24412.435546875,27679.9453125,23989.912109375,27229.25390625,1498144
CORFICOLCF.CL,2020,12,27811.396484375,30985.013671875,27323.1484375,30421.650390625,2180589
CORFICOLCF.CL,2021,1,30421.650390625,30891.119140625,29304.310546875,30252.640625,1407327
CORFICOLCF.CL,2021,2,30252.640625,30881.73046875,29952.1796875,30553.1015625,1215264
CORFICOLCF.CL,2021,3,30553.1015625,30891.119140625,29201.02734375,30731.5,1838503
CORFICOLCF.CL,2021,4,30731.5,30834.783203125,30046.07421875,30064.853515625,1422107
CORFICOLCF.CL,2021,5,29717.4453125,33250.0,27110.0,28230.0,1318605
CORFICOLCF.CL,2021,6,28280.0,30890.0,28000.0,29200.0,1191225
CORFICOLCF.CL,2021,7,29300.0,30470.0,29000.0,29280.0,1339355
CORFICOLCF.CL,2021,8,28830.0,30200.0,28000.0,28560.0,3119458
CORFICOLCF.CL,2021,9,28890.0,29300.0,28300.0,28800.0,5514476
CORFICOLCF.CL,2021,10,29000.0,29900.0,28710.0,29670.0,2898008
CORFICOLCF.CL,2021,11,29670.0,29990.0,27980.0,28780.0,1907563
CORFICOLCF.CL,2021,12,28550.0,29200.0,27800.0,28600.0,751174
CORFICOLCF.CL,2022,1,28830.0,30490.0,28200.0,29770.0,914248
CORFICOLCF.CL,2022,2,29420.0,29700.0,27110.0,27700.0,827478
CORFICOLCF.CL,2022,3,27800.0,28480.0,27180.0,28080.0,5549444265
CORFICOLCF.CL,2022,4,27970.0,29510.0,27810.0,29140.0,1789259
CORFICOLCF.CL,2022,5,29170.0,29170.0,22700.0,25600.0,794946
CORFICOLCF.CL,2022,6,25900.0,26000.0,20500.0,20500.0,1200525
CORFICOLCF.CL,2022,7,20780.0,21600.0,18800.0,19600.0,784557
CORFICOLCF.CL,2022,8,19270.0,20300.0,18500.0,19500.0,1522119
CORFICOLCF.CL,2022,9,19500.0,19780.0,16410.0,16700.0,686568
CORFICOLCF.CL,2022,10,17100.0,18270.0,15480.0,16100.0,977816
CORFICOLCF.CL,2022,11,16000.0,17000.0,14900.0,15820.0,1448121806
CORFICOLCF.CL,2022,12,15820.0,16170.0,14330.0,15000.0,836061
CORFICOLCF.CL,2023,1,15318.16015625,17500.0,15000.0,16000.0,837900
CORFICOLCF.CL,2023,2,16320.0,16320.0,10200.0,10500.0,3941795
CORFICOLCF.CL,2023,3,10550.0,12200.0,10550.0,11480.0,2608762
CORFICOLCF.CL,2023,4,11480.0,13660.0,11450.0,13290.0,1243869
CORFICOLCF.CL,2023,5,13290.0,14400.0,12580.0,14400.0,1978552
CORFICOLCF.CL,2023,6,14000.0,15500.0,14000.0,14850.0,806371
CORFICOLCF.CL,2023,7,14850.0,15950.0,14650.0,15490.0,394834
CORFICOLCF.CL,2023,8,15360.0,15780.0,11750.0,11750.0,408309322
CORFICOLCF.CL,2023,9,11900.0,13750.0,11000.0,13750.0,1769979
CORFICOLCF.CL,2023,10,13250.0,13750.0,12620.0,12620.0,267807
CORFICOLCF.CL,2023,11,12620.0,13000.0,11620.0,11940.0,1308940
CORFICOLCF.CL,2023,12,11940.0,13500.0,11280.0,13500.0,669377
CORFICOLCF.CL,2024,1,13500.0,17240.0,13240.0,16500.0,740496
CORFICOLCF.CL,2024,2,16480.0,16640.0,14000.0,14000.0,542633
CORFICOLCF.CL,2024,3,14320.0,14680.0,13000.0,13300.0,1174997
CORFICOLCF.CL,2024,4,13400.0,16300.0,13400.0,14800.0,2704814
CORFICOLCF.CL,2024,5,14800.0,16300.0,14280.0,15020.0,2770341
CORFICOLCF.CL,2024,6,15020.0,15420.0,13980.0,14260.0,765130
ECOPETROL.CL,2020,1,3315.0,3435.0,3140.0,3180.0,157911964
ECOPETROL.CL,2020,2,3140.0,3495.0,3000.0,3105.0,184147537
ECOPETROL.CL,2020,3,3060.0,3195.0,1300.0,1900.0,274567008
ECOPETROL.CL,2020,4,1840.0,2400.0,1750.0,2090.0,231699357
ECOPETROL.CL,2020,5,2090.0,2090.0,1855.0,1990.0,166987042
ECOPETROL.CL,2020,6,2005.0,2430.0,1945.0,2075.0,186597571
ECOPETROL.CL,2020,7,2060.0,2265.0,2020.0,2080.0,155866004
ECOPETROL.CL,2020,8,2140.0,2270.0,2100.0,2190.0,145777228
ECOPETROL.CL,2020,9,2210.0,2210.0,1880.0,1895.0,252765284
ECOPETROL.CL,2020,10,1875.0,1972.0,1615.0,1791.0,176371025
ECOPETROL.CL,2020,11,1791.0,2260.0,1791.0,2081.0,236567433
ECOPETROL.CL,2020,12,2129.0,2380.0,2102.0,2245.0,240640047
ECOPETROL.CL,2021,1,2245.0,2491.0,2030.0,2030.0,248135937
ECOPETROL.CL,2021,2,2030.0,2349.0,2030.0,2250.0,197825414
ECOPETROL.CL,2021,3,2246.0,2480.0,2240.0,2366.0,235203416
ECOPETROL.CL,2021,4,2366.0,2374.0,2210.0,2210.0,160807676
ECOPETROL.CL,2021,5,2219.0,2418.0,2151.0,2190.0,159439506
ECOPETROL.CL,2021,6,2276.0,2790.0,2230.0,2722.0,150994775
ECOPETROL.CL,2021,7,2819.0,2875.0,2440.0,2633.0,140193398
ECOPETROL.CL,2021,8,2598.0,2690.0,2470.0,2643.0,194001416
ECOPETROL.CL,2021,9,2590.0,2761.0,2501.0,2734.0,198968553
ECOPETROL.CL,2021,10,2769.0,2990.0,2720.0,2847.0,179935761
ECOPETROL.CL,2021,11,2847.0,2956.0,2503.0,2600.0,156460414
ECOPETROL.CL,2021,12,2600.0,2735.0,2555.0,2690.0,91659585
ECOPETROL.CL,2022,1,2720.0,2990.0,2605.0,2905.0,127406733
ECOPETROL.CL,2022,2,2882.0,3263.0,2817.0,3263.0,216801058
ECOPETROL.CL,2022,3,3239.0,3610.0,3066.0,3538.0,41012672215
ECOPETROL.CL,2022,4,3530.0,3660.0,3210.0,3320.0,175746188
ECOPETROL.CL,2022,5,3252.0,3480.0,2740.0,3120.0,226200260
ECOPETROL.CL,2022,6,3298.0,3320.0,2005.0,2253.0,218869022
ECOPETROL.CL,2022,7,2350.0,2390.0,2060.0,2280.0,127512730
ECOPETROL.CL,2022,8,2250.0,2485.0,2163.0,2257.0,170118987
ECOPETROL.CL,2022,9,2210.0,2450.0,1940.0,2074.0,126655411
ECOPETROL.CL,2022,10,2180.0,2450.0,2100.0,2450.0,174457384
ECOPETROL.CL,2022,11,2555.0,2599.0,2252.0,2290.0,15868030265
ECOPETROL.CL,2022,12,2300.0,2424.0,2112.0,2420.0,310861208
ECOPETROL.CL,2023,1,2440.0,2854.0,2340.0,2669.0,188091040
ECOPETROL.CL,2023,2,2633.0,2753.0,2480.0,2698.0,131148153
ECOPETROL.CL,2023,3,2750.0,2775.0,2250.0,2450.0,130110742
ECOPETROL.CL,2023,4,2470.0,2609.0,2150.0,2288.0,103758418
ECOPETROL.CL,2023,5,2288.0,2288.0,1980.0,2036.0,84862464
ECOPETROL.CL,2023,6,2036.0,2205.0,2036.0,2140.0,55521496
ECOPETROL.CL,2023,7,2140.0,2282.0,2098.0,2206.0,61946384
ECOPETROL.CL,2023,8,2300.0,2460.0,2230.0,2357.0,74833344
ECOPETROL.CL,2023,9,2394.0,2540.0,2276.0,2365.0,124488970
ECOPETROL.CL,2023,10,2365.0,2649.0,2309.0,2423.0,92686374
ECOPETROL.CL,2023,11,2452.0,2590.0,2320.0,2520.0,84932432
ECOPETROL.CL,2023,12,2530.0,2595.0,2300.0,2340.0,71714662
ECOPETROL.CL,2024,1,2340.0,2450.0,2250.0,2335.0,62166582
ECOPETROL.CL,2024,2,2370.0,2400.0,2260.0,2290.0,63126553
ECOPETROL.CL,2024,3,2280.0,2290.0,1995.0,2075.0,144262083
ECOPETROL.CL,2024,4,2100.0,2350.0,2100.0,2280.0,157481873
ECOPETROL.CL,2024,5,2280.0,2405.0,2120.0,2360.0,115909874
ECOPETROL.CL,2024,6,2360.0,2510.0,2280.0,2320.0,111722312
ENKA.CL,2020,1,9.90999984741211,11.300000190734863,9.899999618530273,11.100000381469727,30094631
ENKA.CL,2020,2,10.800000190734863,11.199999809265137,10.800000190734863,10.899999618530273,20875366
ENKA.CL,2020,3,10.899999618530273,10.899999618530273,10.0,10.0,4240000
ENKA.CL,2020,4,10.0,10.0,8.100000381469727,8.100000381469727,11035983
ENKA.CL,2020,5,8.100000381469727,8.460000038146973,8.0,8.0,16308737
ENKA.CL,2020,6,8.0,8.350000381469727,7.5,7.599999904632568,37098211
ENKA.CL,2020,7,7.599999904632568,8.25,7.599999904632568,8.0,37121809
ENKA.CL,2020,8,8.0,8.0,7.5,7.5,109226514
ENKA.CL,2020,9,7.5,7.800000190734863,7.300000190734863,7.300000190734863,51503080
ENKA.CL,2020,10,7.300000190734863,7.300000190734863,7.300000190734863,7.300000190734863,3181485
ENKA.CL,2020,11,7.300000190734863,7.699999809265137,7.289999961853027,7.289999961853027,32100000
ENKA.CL,2020,12,7.289999961853027,11.75,7.289999961853027,11.75,195241190
ENKA.CL,2021,1,11.75,13.100000381469727,11.399999618530273,11.399999618530273,119059444
ENKA.CL,2021,2,11.399999618530273,13.0,10.710000038146973,13.0,57737258
ENKA.CL,2021,3,13.0,15.899999618530273,13.0,15.399999618530273,162406611
ENKA.CL,2021,4,15.399999618530273,15.739999771118164,14.529999732971191,15.119999885559082,36734161
ENKA.CL,2021,5,14.850000381469727,16.299999237060547,14.550000190734863,15.0,76803585
ENKA.CL,2021,6,15.0,15.399999618530273,14.600000381469727,14.600000381469727,13562838
ENKA.CL,2021,7,14.600000381469727,14.600000381469727,13.699999809265137,14.0,28335066
ENKA.CL,2021,8,14.100000381469727,17.15999984741211,13.699999809265137,17.0,113177697
ENKA.CL,2021,9,17.25,24.200000762939453,16.0,23.549999237060547,130979561
ENKA.CL,2021,10,23.0,24.75,20.899999618530273,24.75,58627565
ENKA.CL,2021,11,24.75,25.469999313354492,21.5,22.200000762939453,24035775
ENKA.CL,2021,12,22.200000762939453,22.200000762939453,20.0,20.420000076293945,10956339
ENKA.CL,2022,1,20.420000076293945,27.280000686645508,20.420000076293945,27.18000030517578,69194392
ENKA.CL,2022,2,27.190000534057617,27.190000534057617,25.799999237060547,26.200000762939453,32155539
ENKA.CL,2022,3,26.200000762939453,26.829999923706055,24.0,24.0,1311473902
ENKA.CL,2022,4,24.0,25.0,23.0,24.0,43240964
ENKA.CL,2022,5,24.0,24.59000015258789,21.010000228881836,22.799999237060547,20075428
ENKA.CL,2022,6,23.899999618530273,24.0,20.0,20.100000381469727,9911857
ENKA.CL,2022,7,20.100000381469727,21.489999771118164,20.100000381469727,21.489999771118164,5579822
ENKA.CL,2022,8,21.489999771118164,21.489999771118164,18.0,19.0,26483507
ENKA.CL,2022,9,19.0,27.0,19.0,25.5,51187888
ENKA.CL,2022,10,27.790000915527344,35.0,25.0,31.5,39590464
ENKA.CL,2022,11,31.799999237060547,32.0,28.100000381469727,29.700000762939453,39510853
ENKA.CL,2022,12,28.8799991607666,30.0,20.940000534057617,25.299999237060547,23898714
ENKA.CL,2023,1,25.010000228881836,25.010000228881836,22.889999389648438,22.989999771118164,2864005
ENKA.CL,2023,2,23.700000762939453,23.899999618530273,21.0,21.5,12192729
ENKA.CL,2023,3,21.440000534057617,23.5,20.010000228881836,23.440000534057617,20850345
ENKA.CL,2023,4,23.049999237060547,23.59000015258789,21.329999923706055,22.020000457763672,9873430
ENKA.CL,2023,5,22.020000457763672,22.020000457763672,19.969999313354492,20.0,4089282
ENKA.CL,2023,6,19.989999771118164,21.0,19.0,20.489999771118164,12849539
ENKA.CL,2023,7,20.489999771118164,20.489999771118164,19.43000030517578,19.5,4177894
ENKA.CL,2023,8,19.5,19.5,17.5,19.0,11534528
ENKA.CL,2023,9,20.0,20.0,18.200000762939453,18.200000762939453,309244
ENKA.CL,2023,10,18.200000762939453,18.200000762939453,18.200000762939453,18.200000762939453,1192986
ENKA.CL,2023,11,18.200000762939453,18.200000762939453,18.0,18.0,1619639
ENKA.CL,2023,12,18.0,18.299999237060547,17.0,17.0,10387909
ENKA.CL,2024,1,17.0,18.399999618530273,16.0,16.0,25573914
ENKA.CL,2024,2,16.0,16.0,16.0,16.0,171685370
ENKA.CL,2024,3,16.0,16.700000762939453,16.0,16.0,31082104
ENKA.CL,2024,4,16.0,19.0,16.0,18.200000762939453,102149077
ENKA.CL,2024,5,18.200000762939453,18.5,16.0,16.899999618530273,74183364
ENKA.CL,2024,6,16.899999618530273,17.0,15.800000190734863,15.800000190734863,66054123
ETB.CL,2020,1,259.0,274.0,250.0,258.0,11734211
ETB.CL,2020,2,260.0,269.0,242.0,246.0,62804004
ETB.CL,2020,3,246.0,246.0,169.0,177.0,11917522
ETB.CL,2020,4,177.0,229.0,175.0,218.0,14153180
ETB.CL,2020,5,218.0,218.0,190.0,190.0,24204517
ETB.CL,2020,6,200.0,220.0,193.0,213.0,15384555
ETB.CL,2020,7,220.0,224.0,200.0,200.0,37288539
ETB.CL,2020,8,209.0,215.0,199.0,212.0,10401595
ETB.CL,2020,9,212.0,215.0,202.0,211.0,5963235
ETB.CL,2020,10,206.0,211.0,192.0,199.89999389648438,5033448
ETB.CL,2020,11,199.89999389648438,215.0,197.0,210.0,36935778
ETB.CL,2020,12,213.89999389648438,220.0,210.0,217.0,13807244
ETB.CL,2021,1,217.0,218.1999969482422,200.0,210.0,24942161
ETB.CL,2021,2,210.0,248.0,205.0,226.0,23363543
ETB.CL,2021,3,230.0,239.0,211.10000610351562,221.0,7113336
ETB.CL,2021,4,221.0,222.0,211.10000610351562,218.0,2118927
ETB.CL,2021,5,210.0,218.0,197.0,208.0,7733433
ETB.CL,2021,6,210.89999389648438,213.0,199.89999389648438,208.89999389648438,2283912
ETB.CL,2021,7,208.89999389648438,208.89999389648438,193.0,194.0,3212264
ETB.CL,2021,8,194.0,204.89999389648438,180.6999969482422,202.0,3842319
ETB.CL,2021,9,202.0,202.10000610351562,192.0,200.0,5650031
ETB.CL,2021,10,200.0,201.8000030517578,194.0,201.0,7223243
ETB.CL,2021,11,201.0,201.0,189.5,194.8000030517578,2659658
ETB.CL,2021,12,192.0,193.89999389648438,185.0,190.0,3897616
ETB.CL,2022,1,194.8000030517578,195.89999389648438,186.0,189.89999389648438,4419152
ETB.CL,2022,2,187.0,188.0,180.0,180.0,4273736
ETB.CL,2022,3,182.3000030517578,192.0,180.0,181.0,25009256
ETB.CL,2022,4,184.89999389648438,184.89999389648438,177.0,177.0,3102562
ETB.CL,2022,5,175.0,180.0,151.0,152.5,7101877
ETB.CL,2022,6,161.0,170.0,147.0,170.0,6475867
ETB.CL,2022,7,170.0,170.0,145.3000030517578,169.0,2576248
ETB.CL,2022,8,169.0,169.0,148.10000610351562,148.10000610351562,858990
ETB.CL,2022,9,148.10000610351562,148.10000610351562,135.0,144.0,1668019
ETB.CL,2022,10,144.0,144.0,101.0,118.0,2438807
ETB.CL,2022,11,118.0,120.0,101.0,120.0,11900701
ETB.CL,2022,12,120.0,125.0,102.83000183105469,119.69999694824219,1528169
ETB.CL,2023,1,119.69999694824219,119.69999694824219,106.0,108.0,842553
ETB.CL,2023,2,109.88999938964844,118.69999694824219,107.0999984741211,107.0999984741211,195531
ETB.CL,2023,3,107.0999984741211,120.0,104.7699966430664,105.4800033569336,1497299
ETB.CL,2023,4,119.30999755859375,119.30999755859375,104.33999633789062,105.0,2197507
ETB.CL,2023,5,105.0,110.0,92.5,95.87000274658203,581971
ETB.CL,2023,6,100.05000305175781,100.05000305175781,85.30000305175781,85.30000305175781,2977201
ETB.CL,2023,7,85.30000305175781,90.0,84.16999816894531,84.9000015258789,3083703
ETB.CL,2023,8,84.9000015258789,88.9000015258789,80.19999694824219,83.41999816894531,72374081
ETB.CL,2023,9,83.94999694824219,85.0,61.0,80.0,386198
ETB.CL,2023,10,80.0,85.0,68.26000213623047,72.25,2159968
ETB.CL,2023,11,78.69999694824219,78.69999694824219,78.5,78.5,1081750
ETB.CL,2023,12,78.5,95.0,78.0,95.0,3446133
ETB.CL,2024,1,95.0,109.0,88.0,106.0,7527186
ETB.CL,2024,2,106.0,106.0,90.5,95.0,2147196
ETB.CL,2024,3,95.0,95.0,95.0,95.0,1549019
ETB.CL,2024,4,95.0,100.0,95.0,100.0,3237903
ETB.CL,2024,5,100.0,100.0,90.0,90.0,4433999
ETB.CL,2024,6,90.0,95.0,90.0,95.0,3847484
EXITO.CL,2020,1,4626.66650390625,4626.66650390625,4120.0,4600.0,2087634
EXITO.CL,2020,2,4753.33349609375,5426.66650390625,4493.33349609375,5253.33349609375,4635417
EXITO.CL,2020,3,5253.33349609375,5566.66650390625,3826.666748046875,4026.666748046875,1490823
EXITO.CL,2020,4,3920.0,4133.33349609375,3666.666748046875,3900.0,1657110
EXITO.CL,2020,5,3900.0,3980.0,3333.333251953125,3333.333251953125,681093
EXITO.CL,2020,6,3566.666748046875,3686.666748046875,3266.666748046875,3333.333251953125,1427358
EXITO.CL,2020,7,3393.333251953125,3580.0,3323.333251953125,3433.333251953125,2398848
EXITO.CL,2020,8,3433.333251953125,3833.333251953125,3433.333251953125,3766.666748046875,2049168
EXITO.CL,2020,9,3853.333251953125,3873.333251953125,3666.666748046875,3733.333251953125,450921
EXITO.CL,2020,10,3733.333251953125,3766.666748046875,3433.333251953125,3573.333251953125,698196
EXITO.CL,2020,11,3573.333251953125,4443.33349609375,3573.333251953125,4266.66650390625,857760
EXITO.CL,2020,12,4333.33349609375,4766.66650390625,4153.33349609375,4630.0,777648
EXITO.CL,2021,1,4630.0,4650.0,4373.33349609375,4506.66650390625,555141
EXITO.CL,2021,2,4506.66650390625,4613.33349609375,4483.33349609375,4550.0,409707
EXITO.CL,2021,3,4550.0,4613.33349609375,4343.33349609375,4560.0,1075275
EXITO.CL,2021,4,4560.0,4560.0,3670.0,3890.0,357615
EXITO.CL,2021,5,3900.0,4500.0,3670.0,4000.0,1434774
EXITO.CL,2021,6,4000.0,4806.66650390625,3700.0,4533.33349609375,724530
EXITO.CL,2021,7,4480.0,4480.0,3703.333251953125,4286.66650390625,1217487
EXITO.CL,2021,8,4286.66650390625,4286.66650390625,3936.666748046875,4146.66650390625,212547
EXITO.CL,2021,9,4160.0,4160.0,3833.333251953125,3883.333251953125,913656
EXITO.CL,2021,10,3883.333251953125,4013.333251953125,3796.666748046875,3900.0,1601922
EXITO.CL,2021,11,3900.0,3923.333251953125,3683.333251953125,3806.666748046875,606150
EXITO.CL,2021,12,3833.333251953125,3866.666748046875,3716.666748046875,3830.0,752163
EXITO.CL,2022,1,3830.0,3983.333251953125,3733.333251953125,3983.333251953125,431799
EXITO.CL,2022,2,3933.333251953125,5096.66650390625,3730.0,5033.33349609375,1460979
EXITO.CL,2022,3,5083.33349609375,6063.33349609375,5000.0,5650.0,3755020965
EXITO.CL,2022,4,5640.0,5640.0,5333.33349609375,5433.33349609375,701196
EXITO.CL,2022,5,5466.66650390625,6263.33349609375,3393.333251953125,4290.0,9565965
EXITO.CL,2022,6,4290.0,4413.33349609375,3570.0,3693.333251953125,45839163
EXITO.CL,2022,7,3693.333251953125,3713.333251953125,3263.333251953125,3400.0,521997
EXITO.CL,2022,8,3400.0,3833.333251953125,3266.666748046875,3600.0,1481721
EXITO.CL,2022,9,3600.0,3830.0,3400.0,3400.0,8432982
EXITO.CL,2022,10,3566.666748046875,3726.666748046875,3400.0,3666.666748046875,487923
EXITO.CL,2022,11,3666.666748046875,3774.0,3500.0,3620.0,97611530
EXITO.CL,2022,12,3534.56005859375,3606.60009765625,3350.0,3400.0,231782
EXITO.CL,2023,1,3420.3701171875,3890.0,3420.3701171875,3800.0,1020419
EXITO.CL,2023,2,3849.0,4189.0,3626.0,4070.0,3509246
EXITO.CL,2023,3,4070.0,4138.0,3760.0,4100.0,133202
EXITO.CL,2023,4,3866.780029296875,4118.0,3780.0,4007.8701171875,376497
EXITO.CL,2023,5,4007.8701171875,4184.0,3816.0,3915.0,257393
EXITO.CL,2023,6,3999.989990234375,4202.5498046875,3843.590087890625,4196.0,336237
EXITO.CL,2023,7,4196.0,4550.0,4000.0,4539.0,257455
EXITO.CL,2023,8,4351.0,4520.0,2850.0,3030.0,137945387
EXITO.CL,2023,9,2994.0,2994.0,2570.0,2830.0,14962246
EXITO.CL,2023,10,2850.0,3626.0,2650.0,3580.0,13446969
EXITO.CL,2023,11,3562.0,3588.0,3490.0,3518.0,2266110
EXITO.CL,2023,12,3518.0,3555.0,3475.0,3510.0,4194045
EXITO.CL,2024,1,3510.0,3550.0,3040.0,3050.0,10410450
EXITO.CL,2024,2,3000.0,3000.0,2300.0,2500.0,3850397
EXITO.CL,2024,3,2490.0,2500.0,2260.0,2410.0,2659422
EXITO.CL,2024,4,2480.0,2560.0,2270.0,2290.0,3886137
EXITO.CL,2024,5,2290.0,2460.0,2195.0,2270.0,4155220
EXITO.CL,2024,6,2270.0,2270.0,2165.0,2195.0,1327990
GRUPOARGOS.CL,2020,1,17800.0,18980.0,17040.0,17480.0,3580944
GRUPOARGOS.CL,2020,2,17540.0,18300.0,14600.0,15000.0,5552122
GRUPOARGOS.CL,2020,3,15380.0,16700.0,7000.0,12320.0,7814445
GRUPOARGOS.CL,2020,4,10700.0,13160.0,8600.0,9220.0,7167695
GRUPOARGOS.CL,2020,5,9220.0,9400.0,7540.0,8700.0,32673135
GRUPOARGOS.CL,2020,6,9000.0,10860.0,8700.0,9900.0,17914635
GRUPOARGOS.CL,2020,7,9750.0,11300.0,9700.0,10200.0,6523420
GRUPOARGOS.CL,2020,8,10360.0,12480.0,10200.0,11920.0,3993273
GRUPOARGOS.CL,2020,9,12400.0,12800.0,11000.0,11600.0,7571202
GRUPOARGOS.CL,2020,10,11700.0,11820.0,9505.0,10620.0,3615473
GRUPOARGOS.CL,2020,11,10620.0,12320.0,10600.0,12000.0,4106274
GRUPOARGOS.CL,2020,12,12420.0,14500.0,12080.0,13900.0,4901334
GRUPOARGOS.CL,2021,1,13900.0,14250.0,13270.0,13300.0,2775804
GRUPOARGOS.CL,2021,2,13300.0,13670.0,12500.0,13300.0,2933352
GRUPOARGOS.CL,2021,3,13060.0,13130.0,11310.0,11780.0,4075193
GRUPOARGOS.CL,2021,4,11780.0,12190.0,10500.0,10590.0,3137376
GRUPOARGOS.CL,2021,5,9930.0,11800.0,9000.0,10100.0,4751851
GRUPOARGOS.CL,2021,6,10220.0,10830.0,10000.0,10000.0,2652158
GRUPOARGOS.CL,2021,7,10100.0,10700.0,9800.0,10090.0,1910348
GRUPOARGOS.CL,2021,8,9905.0,11340.0,9710.0,10940.0,3184624
GRUPOARGOS.CL,2021,9,11100.0,11360.0,10500.0,11160.0,5473452
GRUPOARGOS.CL,2021,10,11340.0,12280.0,11160.0,11800.0,7496926
GRUPOARGOS.CL,2021,11,11800.0,12600.0,11020.0,12600.0,5153092
GRUPOARGOS.CL,2021,12,15100.0,16600.0,12700.0,13550.0,7950052
GRUPOARGOS.CL,2022,1,13500.0,16480.0,12350.0,16140.0,5615363
GRUPOARGOS.CL,2022,2,15510.0,16450.0,12750.0,12900.0,10425096
GRUPOARGOS.CL,2022,3,13350.0,14600.0,12910.0,13880.0,3122284010
GRUPOARGOS.CL,2022,4,13980.0,14700.0,13830.0,14460.0,6924974
GRUPOARGOS.CL,2022,5,14390.0,14600.0,13120.0,13540.0,6394064
GRUPOARGOS.CL,2022,6,13540.0,16850.0,13540.0,15060.0,3387104
GRUPOARGOS.CL,2022,7,15600.0,15770.0,11550.0,12100.0,3664362
GRUPOARGOS.CL,2022,8,11790.0,12160.0,9505.0,9750.0,2857264
GRUPOARGOS.CL,2022,9,9790.0,11500.0,9300.0,9810.0,3432395
GRUPOARGOS.CL,2022,10,10200.0,11000.0,9605.0,10250.0,1405166
GRUPOARGOS.CL,2022,11,10360.0,10900.0,9700.0,9900.0,809781136
GRUPOARGOS.CL,2022,12,9970.0,10000.0,8910.0,9490.0,1926021
GRUPOARGOS.CL,2023,1,9472.7099609375,10050.0,9005.0,9365.0,1718923
GRUPOARGOS.CL,2023,2,9365.0,9980.0,7590.0,9700.0,3582704
GRUPOARGOS.CL,2023,3,9690.0,9995.0,8400.0,9090.0,3907613
GRUPOARGOS.CL,2023,4,9300.0,9940.0,8325.0,8850.0,1460485
GRUPOARGOS.CL,2023,5,8850.0,9550.0,8430.0,9350.0,1656429
GRUPOARGOS.CL,2023,6,9350.0,10600.0,8835.0,9650.0,2517813
GRUPOARGOS.CL,2023,7,9650.0,9895.0,9300.0,9600.0,2258258
GRUPOARGOS.CL,2023,8,9695.0,9785.0,8060.0,8060.0,980224030
GRUPOARGOS.CL,2023,9,8100.0,9650.0,7645.0,9350.0,12174236
GRUPOARGOS.CL,2023,10,9170.0,9350.0,8715.0,8920.0,3341731
GRUPOARGOS.CL,2023,11,8900.0,10680.0,8510.0,10400.0,6329037
GRUPOARGOS.CL,2023,12,10340.0,12680.0,10180.0,12420.0,4977501
GRUPOARGOS.CL,2024,1,12420.0,14360.0,12420.0,13720.0,3732191
GRUPOARGOS.CL,2024,2,13700.0,13960.0,12200.0,13700.0,2956763
GRUPOARGOS.CL,2024,3,13620.0,15800.0,13500.0,15380.0,7724627
GRUPOARGOS.CL,2024,4,15480.0,16700.0,15100.0,16120.0,13614358
GRUPOARGOS.CL,2024,5,16120.0,16640.0,14200.0,16420.0,5385936
GRUPOARGOS.CL,2024,6,16420.0,16920.0,15380.0,16880.0,3979658
GRUPOAVAL.CL,2020,1,1465.0,1500.0,1410.0,1420.0,1974701
GRUPOAVAL.CL,2020,2,1425.0,1500.0,1425.0,1425.0,2338792
GRUPOAVAL.CL,2020,3,1405.0,1440.0,1000.0,1100.0,677637
GRUPOAVAL.CL,2020,4,1100.0,1115.0,1095.0,1110.0,377663
GRUPOAVAL.CL,2020,5,1110.0,1110.0,1110.0,1110.0,11314
GRUPOAVAL.CL,2020,6,1000.0,1000.0,925.0,935.0,551741
GRUPOAVAL.CL,2020,7,935.0,935.0,890.0,900.0,1298983
GRUPOAVAL.CL,2020,8,900.0,955.0,888.0,930.0,319579
GRUPOAVAL.CL,2020,9,918.0,962.0,890.0,891.0,603357
GRUPOAVAL.CL,2020,10,887.0,900.0,863.0,865.0,2024239
GRUPOAVAL.CL,2020,11,865.0,1010.0,865.0,1010.0,5093058
GRUPOAVAL.CL,2020,12,1040.0,1300.0,1014.0,1155.0,1103426
GRUPOAVAL.CL,2021,1,1155.0,1250.0,1113.0,1131.0,1828340
GRUPOAVAL.CL,2021,2,1131.0,1193.0,1128.0,1175.0,514130
GRUPOAVAL.CL,2021,3,1175.0,1188.0,1127.0,1188.0,1686658
GRUPOAVAL.CL,2021,4,1188.0,1188.0,1129.0,1160.0,506181
GRUPOAVAL.CL,2021,5,1160.0,1160.0,945.0,1040.0,1246953
GRUPOAVAL.CL,2021,6,1070.0,1139.0,1030.0,1139.0,597898
GRUPOAVAL.CL,2021,7,1139.0,1139.0,1020.0,1020.0,6877846
GRUPOAVAL.CL,2021,8,1020.0,1114.0,1010.0,1096.0,1235084
GRUPOAVAL.CL,2021,9,1108.0,1110.0,1010.0,1090.0,422656
GRUPOAVAL.CL,2021,10,1110.0,1146.0,1100.0,1136.0,1139145
GRUPOAVAL.CL,2021,11,1136.0,1138.0,990.0,1120.0,1080216
GRUPOAVAL.CL,2021,12,1055.0,1091.0,1020.0,1054.0,1114823
GRUPOAVAL.CL,2022,1,1030.0,1180.0,1030.0,1124.0,1446358
GRUPOAVAL.CL,2022,2,1145.0,1145.0,1050.0,1065.0,1118179
GRUPOAVAL.CL,2022,3,1052.0,1090.0,964.7999877929688,964.7999877929688,19344781
GRUPOAVAL.CL,2022,4,964.7999877929688,964.7999877929688,805.0,840.0,1116017
GRUPOAVAL.CL,2022,5,831.0,843.0999755859375,770.0999755859375,833.0,1911508
GRUPOAVAL.CL,2022,6,834.0,898.0,751.2999877929688,757.0,2246389
GRUPOAVAL.CL,2022,7,757.0,771.2000122070312,712.9000244140625,750.2000122070312,2536783
GRUPOAVAL.CL,2022,8,760.0,760.0,670.0,690.7000122070312,1047004
GRUPOAVAL.CL,2022,9,690.7000122070312,690.7000122070312,635.0,659.0,449871
GRUPOAVAL.CL,2022,10,659.0,659.0,560.0,580.0,918981
GRUPOAVAL.CL,2022,11,589.9000244140625,589.9000244140625,473.1000061035156,581.510009765625,118151445
GRUPOAVAL.CL,2022,12,540.0999755859375,547.77001953125,506.04998779296875,547.77001953125,711047
GRUPOAVAL.CL,2023,1,535.9400024414062,569.9000244140625,535.0,560.7999877929688,701477
GRUPOAVAL.CL,2023,2,554.9000244140625,563.0,483.0,554.8099975585938,909589
GRUPOAVAL.CL,2023,3,513.239990234375,558.5,476.6499938964844,555.0,780361
GRUPOAVAL.CL,2023,4,510.9700012207031,569.9000244140625,510.9700012207031,560.0,1669382
GRUPOAVAL.CL,2023,5,560.0,560.0,456.3999938964844,458.1000061035156,738962
GRUPOAVAL.CL,2023,6,468.3299865722656,521.239990234375,441.0,476.8999938964844,1100275
GRUPOAVAL.CL,2023,7,476.8999938964844,496.4599914550781,458.19000244140625,476.8999938964844,333959
GRUPOAVAL.CL,2023,8,499.8999938964844,529.7000122070312,437.3500061035156,472.0,5493134
GRUPOAVAL.CL,2023,9,479.94000244140625,491.8599853515625,425.1000061035156,478.5199890136719,505213
GRUPOAVAL.CL,2023,10,490.1199951171875,500.0,461.6000061035156,464.5,855264
GRUPOAVAL.CL,2023,11,498.70001220703125,499.0,443.0,458.0,540248
GRUPOAVAL.CL,2023,12,458.0,500.0,421.0,468.0,878482
GRUPOAVAL.CL,2024,1,468.0,534.0,468.0,506.0,875162
GRUPOAVAL.CL,2024,2,506.0,506.0,471.0,471.0,633152
GRUPOAVAL.CL,2024,3,471.0,471.0,423.0,430.0,967159
GRUPOAVAL.CL,2024,4,430.0,470.0,430.0,463.0,1725343
GRUPOAVAL.CL,2024,5,463.0,471.0,451.0,451.0,1263842
GRUPOAVAL.CL,2024,6,451.0,458.0,431.0,431.0,351162
GRUPOSURA.CL,2020,1,34000.0,34340.0,32000.0,32000.0,2721356
GRUPOSURA.CL,2020,2,32200.0,33720.0,28920.0,30500.0,4954184
GRUPOSURA.CL,2020,3,29500.0,31800.0,14900.0,20020.0,6310028
GRUPOSURA.CL,2020,4,18500.0,25200.0,18500.0,21520.0,5195318
GRUPOSURA.CL,2020,5,21520.0,21520.0,17600.0,18200.0,5103477
GRUPOSURA.CL,2020,6,19120.0,22000.0,18360.0,18640.0,7159825
GRUPOSURA.CL,2020,7,18440.0,20840.0,18440.0,19400.0,4677085
GRUPOSURA.CL,2020,8,19200.0,22240.0,18780.0,21000.0,4237949
GRUPOSURA.CL,2020,9,22560.0,23980.0,20400.0,20620.0,6234487
GRUPOSURA.CL,2020,10,20620.0,21420.0,19500.0,20100.0,2926083
GRUPOSURA.CL,2020,11,20100.0,22600.0,19900.0,21400.0,4758258
GRUPOSURA.CL,2020,12,21990.0,26470.0,21550.0,25280.0,8391426
GRUPOSURA.CL,2021,1,25280.0,25350.0,22700.0,22700.0,5754454
GRUPOSURA.CL,2021,2,22700.0,23800.0,21800.0,23670.0,4993801
GRUPOSURA.CL,2021,3,23060.0,23660.0,21310.0,21700.0,5790239
GRUPOSURA.CL,2021,4,21700.0,21980.0,19160.0,19160.0,4554670
GRUPOSURA.CL,2021,5,18040.0,21280.0,17610.0,20020.0,4453153
GRUPOSURA.CL,2021,6,20300.0,20730.0,18500.0,18500.0,4768197
GRUPOSURA.CL,2021,7,18300.0,19930.0,17300.0,17300.0,4026423
GRUPOSURA.CL,2021,8,17770.0,19800.0,16900.0,19200.0,5040367
GRUPOSURA.CL,2021,9,19780.0,21630.0,19290.0,21400.0,5704060
GRUPOSURA.CL,2021,10,21700.0,22700.0,21250.0,21950.0,4123674
GRUPOSURA.CL,2021,11,21950.0,25190.0,20900.0,25150.0,11799428
GRUPOSURA.CL,2021,12,25150.0,30000.0,24300.0,30000.0,7641595
GRUPOSURA.CL,2022,1,29900.0,31000.0,27030.0,27250.0,125638430
GRUPOSURA.CL,2022,2,36420.0,37590.0,31950.0,31950.0,10653056
GRUPOSURA.CL,2022,3,31950.0,35900.0,31950.0,35620.0,30175873
GRUPOSURA.CL,2022,4,36300.0,41000.0,35350.0,41000.0,5261062
GRUPOSURA.CL,2022,5,41000.0,48000.0,36420.0,44550.0,16833161
GRUPOSURA.CL,2022,6,41100.0,58300.0,33400.0,39400.0,3488128
GRUPOSURA.CL,2022,7,41180.0,42500.0,38500.0,40000.0,540301
GRUPOSURA.CL,2022,8,40000.0,41590.0,37000.0,37000.0,337037
GRUPOSURA.CL,2022,9,37000.0,43000.0,32500.0,37500.0,1503425
GRUPOSURA.CL,2022,10,37600.0,42000.0,34000.0,39810.0,393852
GRUPOSURA.CL,2022,11,40000.0,42460.0,37520.0,38050.0,436404268
GRUPOSURA.CL,2022,12,36010.0,42800.0,36010.0,42000.0,380266
GRUPOSURA.CL,2023,1,42600.0,42800.0,38900.0,40900.0,194874
GRUPOSURA.CL,2023,2,41000.0,41000.0,36010.0,36600.0,235843
GRUPOSURA.CL,2023,3,35990.0,41000.0,31580.0,40450.0,5785096
GRUPOSURA.CL,2023,4,40450.0,44000.0,37310.0,42090.0,5943650
GRUPOSURA.CL,2023,5,42090.0,45900.0,40100.0,40100.0,414142
GRUPOSURA.CL,2023,6,40100.0,44110.0,34454.8203125,36000.0,202868
GRUPOSURA.CL,2023,7,36000.0,40000.0,34760.0,36170.0,174620
GRUPOSURA.CL,2023,8,37770.0,37770.0,31000.0,31000.0,124959523
GRUPOSURA.CL,2023,9,31000.0,32000.0,28070.0,31990.0,1181174
GRUPOSURA.CL,2023,10,31260.0,33000.0,29440.0,32300.0,252838
GRUPOSURA.CL,2023,11,32670.0,33000.0,27560.0,30000.0,220081
GRUPOSURA.CL,2023,12,30980.0,30980.0,27940.0,29000.0,190966
GRUPOSURA.CL,2024,1,29000.0,34000.0,29000.0,32500.0,426528
GRUPOSURA.CL,2024,2,32480.0,33880.0,28960.0,28960.0,258502
GRUPOSURA.CL,2024,3,29480.0,31460.0,28540.0,30480.0,1631433
GRUPOSURA.CL,2024,4,30500.0,40000.0,30000.0,39800.0,559998
GRUPOSURA.CL,2024,5,39800.0,42000.0,29320.0,33000.0,682849
GRUPOSURA.CL,2024,6,33000.0,36300.0,33040.0,34400.0,285055
ISA.CL,2020,1,19600.0,20480.0,18800.0,18800.0,5386254
ISA.CL,2020,2,19160.0,19500.0,18220.0,18600.0,8833982
ISA.CL,2020,3,18320.0,18960.0,11000.0,15480.0,16940282
ISA.CL,2020,4,14800.0,18960.0,14500.0,18200.0,7575125
ISA.CL,2020,5,18200.0,19620.0,17600.0,19600.0,7564815
ISA.CL,2020,6,19040.0,19680.0,18200.0,18800.0,8135285
ISA.CL,2020,7,18560.0,20100.0,18460.0,19200.0,10462335
ISA.CL,2020,8,18980.0,22400.0,18900.0,20940.0,5009518
ISA.CL,2020,9,22300.0,22480.0,19920.0,20380.0,8662002
ISA.CL,2020,10,20280.0,21790.0,19900.0,20860.0,4385340
ISA.CL,2020,11,20860.0,23300.0,20600.0,22700.0,4723836
ISA.CL,2020,12,23000.0,25870.0,22500.0,25700.0,7285341
ISA.CL,2021,1,25700.0,29250.0,23020.0,23060.0,8369183
ISA.CL,2021,2,23060.0,24460.0,22600.0,23800.0,6074075
ISA.CL,2021,3,23630.0,24220.0,21680.0,22500.0,7697613
ISA.CL,2021,4,22500.0,23340.0,21060.0,21380.0,6264730
ISA.CL,2021,5,20500.0,22340.0,19500.0,20020.0,11027349
ISA.CL,2021,6,20510.0,23700.0,19910.0,22150.0,6258983
ISA.CL,2021,7,22620.0,24100.0,21520.0,21820.0,3982535
ISA.CL,2021,8,21980.0,23740.0,21200.0,22700.0,6627915
ISA.CL,2021,9,22530.0,22990.0,22000.0,22700.0,9084954
ISA.CL,2021,10,22790.0,23230.0,22300.0,22610.0,5570504
ISA.CL,2021,11,22610.0,22960.0,20100.0,22300.0,8366685
ISA.CL,2021,12,22180.0,22800.0,20470.0,22400.0,5913952
ISA.CL,2022,1,22490.0,25000.0,21700.0,23600.0,4323213
ISA.CL,2022,2,22920.0,24400.0,21400.0,24300.0,11356452
ISA.CL,2022,3,23980.0,24640.0,22630.0,24300.0,4047677581
ISA.CL,2022,4,24900.0,25000.0,22000.0,22000.0,6182264
ISA.CL,2022,5,22400.0,23950.0,18270.0,23780.0,11131037
ISA.CL,2022,6,23800.0,23950.0,19770.0,20500.0,7642021
ISA.CL,2022,7,20770.0,22260.0,19600.0,20600.0,3799155
ISA.CL,2022,8,20500.0,21430.0,19170.0,19170.0,5633828
ISA.CL,2022,9,18540.0,19960.0,13560.0,16500.0,5044083
ISA.CL,2022,10,16190.0,19550.0,15900.0,19270.0,4192930
ISA.CL,2022,11,18990.0,19500.0,16560.0,19500.0,3998787829
ISA.CL,2022,12,19450.0,21000.0,17780.0,21000.0,6207067
ISA.CL,2023,1,20430.0,23000.0,18580.0,19040.0,5232398
ISA.CL,2023,2,19030.0,19330.0,17210.0,17210.0,5101017
ISA.CL,2023,3,17210.0,18900.0,14310.0,15150.0,6927927
ISA.CL,2023,4,15200.0,18200.0,15100.0,18200.0,3558345
ISA.CL,2023,5,18200.0,18390.0,15600.0,17600.0,6517301
ISA.CL,2023,6,17160.0,18700.0,16550.0,16890.0,4617132
ISA.CL,2023,7,16890.0,17510.0,16240.0,17070.0,4454771
ISA.CL,2023,8,17290.0,17290.0,14980.0,14980.0,692115267
ISA.CL,2023,9,15690.0,15700.0,13800.0,14920.0,9149455
ISA.CL,2023,10,14950.0,15000.0,13820.0,14500.0,3490114
ISA.CL,2023,11,14500.0,15940.0,14400.0,15160.0,6510293
ISA.CL,2023,12,15340.0,15800.0,14840.0,15480.0,6070499
ISA.CL,2024,1,15480.0,18140.0,15420.0,16860.0,6400618
ISA.CL,2024,2,16980.0,17440.0,16000.0,16720.0,5988942
ISA.CL,2024,3,16720.0,20340.0,16600.0,19780.0,9330486
ISA.CL,2024,4,19720.0,20140.0,17700.0,18100.0,12372937
ISA.CL,2024,5,18100.0,19180.0,16600.0,19140.0,11181433
ISA.CL,2024,6,19140.0,19320.0,17500.0,18200.0,5305018
MINEROS.CL,2020,1,3250.0,3290.0,3060.0,3060.0,1047773
MINEROS.CL,2020,2,3090.0,3510.0,3035.0,3445.0,2263997
MINEROS.CL,2020,3,3400.0,3460.0,2170.0,2700.0,3133499
MINEROS.CL,2020,4,2645.0,3080.0,2520.0,3070.0,2284440
MINEROS.CL,2020,5,3070.0,3465.0,3070.0,3360.0,1377843
MINEROS.CL,2020,6,3400.0,3450.0,3070.0,3295.0,961932
MINEROS.CL,2020,7,3300.0,4080.0,3295.0,3800.0,3019527
MINEROS.CL,2020,8,3855.0,4085.0,3785.0,3850.0,3426076
MINEROS.CL,2020,9,3850.0,3940.0,3580.0,3600.0,1840801
MINEROS.CL,2020,10,3570.0,3715.0,3550.0,3600.0,2258635
MINEROS.CL,2020,11,3600.0,3945.0,3600.0,3700.0,3004613
MINEROS.CL,2020,12,3810.0,4240.0,3720.0,4167.0,2685856
MINEROS.CL,2021,1,4167.0,4485.0,4085.0,4299.0,3749661
MINEROS.CL,2021,2,4299.0,4299.0,4000.0,4070.0,2237417
MINEROS.CL,2021,3,4115.0,4430.0,4070.0,4430.0,2272205
MINEROS.CL,2021,4,4430.0,4434.0,4120.0,4130.0,3927672
MINEROS.CL,2021,5,4150.0,4324.0,3836.0,4086.0,3480244
MINEROS.CL,2021,6,4084.0,4154.0,3900.0,4029.0,2378061
MINEROS.CL,2021,7,4024.0,4050.0,3695.0,3695.0,1167354
MINEROS.CL,2021,8,3704.0,3860.0,3615.0,3745.0,1921890
MINEROS.CL,2021,9,3730.0,3800.0,3580.0,3770.0,1784207
MINEROS.CL,2021,10,3839.0,4071.0,3805.0,4025.0,1671848
MINEROS.CL,2021,11,4025.0,4085.0,3500.0,3690.0,5159877
MINEROS.CL,2021,12,3670.0,3700.0,3525.0,3635.0,1566839
MINEROS.CL,2022,1,3660.0,3860.0,3551.0,3750.0,1490281
MINEROS.CL,2022,2,3725.0,3780.0,3460.0,3620.0,5230440
MINEROS.CL,2022,3,3580.0,3658.0,3355.0,3442.0,569609149
MINEROS.CL,2022,4,3442.0,3442.0,3210.0,3215.0,2180553
MINEROS.CL,2022,5,3120.0,3250.0,2640.0,2903.0,3492465
MINEROS.CL,2022,6,2938.0,3149.0,2360.0,2360.0,4628782
MINEROS.CL,2022,7,2310.0,2480.0,1998.0,2200.0,2403479
MINEROS.CL,2022,8,2155.0,2190.0,1813.0,2080.0,2588517
MINEROS.CL,2022,9,1948.0,1970.0,1785.0,1795.0,998636
MINEROS.CL,2022,10,1775.0,1825.0,1660.0,1680.0,1067084
MINEROS.CL,2022,11,1670.0,1887.0,1640.0,1710.0,27574179
MINEROS.CL,2022,12,1760.0,1850.0,1700.0,1850.0,910936
MINEROS.CL,2023,1,1800.0,2350.0,1800.0,2290.0,984656
MINEROS.CL,2023,2,2270.0,2300.0,1811.0,1852.0,1171428
MINEROS.CL,2023,3,1852.0,2300.0,1852.0,2176.4599609375,802383
MINEROS.CL,2023,4,2100.0,2220.0,1950.0,2000.0,957424
MINEROS.CL,2023,5,2000.0,2240.0,1900.0,1950.0,1598799
MINEROS.CL,2023,6,1953.0,2030.0,1820.0,1850.0,2444878
MINEROS.CL,2023,7,1850.0,1920.0,1800.0,1898.0,1784220
MINEROS.CL,2023,8,1886.0,1990.0,1800.0,1871.0,59405365
MINEROS.CL,2023,9,1813.489990234375,1899.0,1648.0,1799.0,760295
MINEROS.CL,2023,10,1796.530029296875,1932.0,1705.0,1748.0,2464499
MINEROS.CL,2023,11,1715.0,1780.0,1640.0,1675.0,1847333
MINEROS.CL,2023,12,1700.0,1835.0,1640.0,1835.0,2826361
MINEROS.CL,2024,1,1835.0,2045.0,1820.0,1920.0,1925774
MINEROS.CL,2024,2,1905.0,2540.0,1850.0,2300.0,11080244
MINEROS.CL,2024,3,2300.0,3190.0,2300.0,3100.0,4597685
MINEROS.CL,2024,4,3130.0,3360.0,3030.0,3050.0,4573310
MINEROS.CL,2024,5,3050.0,3300.0,2530.0,3160.0,4314495
MINEROS.CL,2024,6,3160.0,3400.0,3160.0,3215.0,4174469
PFAVAL.CL,2020,1,1460.0,1480.0,1415.0,1450.0,100495225
PFAVAL.CL,2020,2,1445.0,1515.0,1405.0,1450.0,131116168
PFAVAL.CL,2020,3,1405.0,1455.0,700.0,897.0,244360452
PFAVAL.CL,2020,4,886.0,990.0,810.0,845.0,146326074
PFAVAL.CL,2020,5,845.0,845.0,742.0,841.0,735402348
PFAVAL.CL,2020,6,854.0,940.0,812.0,830.0,241555457
PFAVAL.CL,2020,7,824.0,895.0,822.0,870.0,154598002
PFAVAL.CL,2020,8,862.0,938.0,848.0,935.0,112916456
PFAVAL.CL,2020,9,950.0,970.0,897.0,898.0,194664716
PFAVAL.CL,2020,10,903.0,909.2999877929688,863.2999877929688,890.0,108069783
PFAVAL.CL,2020,11,890.0,1040.0,890.0,1040.0,134186313
PFAVAL.CL,2020,12,1048.0,1210.0,1010.0,1194.0,122987475
PFAVAL.CL,2021,1,1194.0,1210.0,1139.0,1158.0,96081176
PFAVAL.CL,2021,2,1158.0,1209.0,1136.0,1188.0,121497389
PFAVAL.CL,2021,3,1176.0,1186.0,1124.0,1144.0,119693619
PFAVAL.CL,2021,4,1144.0,1178.0,1105.0,1105.0,51116158
PFAVAL.CL,2021,5,1065.0,1120.0,1022.0,1078.0,76461216
PFAVAL.CL,2021,6,1075.0,1119.0,1054.0,1083.0,95473112
PFAVAL.CL,2021,7,1095.0,1118.0,1000.0,1024.0,284978520
PFAVAL.CL,2021,8,1025.0,1142.0,1002.0,1120.0,276171889
PFAVAL.CL,2021,9,1120.0,1141.0,1086.0,1119.0,116726084
PFAVAL.CL,2021,10,1124.0,1157.0,1113.0,1150.0,131608619
PFAVAL.CL,2021,11,1150.0,1150.0,1028.0,1050.0,92293999
PFAVAL.CL,2021,12,1050.0,1107.0,1030.0,1059.0,96230003
PFAVAL.CL,2022,1,1059.0,1145.0,1025.0,1127.0,76831208
PFAVAL.CL,2022,2,1104.0,1126.0,1050.0,1060.0,61652871
PFAVAL.CL,2022,3,1060.0,1092.0,845.0,851.5999755859375,11742924486
PFAVAL.CL,2022,4,854.4000244140625,857.0,805.0,850.0,152627377
PFAVAL.CL,2022,5,830.0,849.9000244140625,780.0,845.0,100537149
PFAVAL.CL,2022,6,844.9000244140625,856.0,746.7999877929688,750.0,73662437
PFAVAL.CL,2022,7,790.0,790.0,715.0,740.0,29472614
PFAVAL.CL,2022,8,733.0,770.0,643.0,665.0,41602861
PFAVAL.CL,2022,9,645.9000244140625,693.0,580.0,580.0,61057074
PFAVAL.CL,2022,10,599.7000122070312,636.2000122070312,500.1000061035156,540.0,36461429
PFAVAL.CL,2022,11,547.0,590.0,517.0,558.0,910358628
PFAVAL.CL,2022,12,553.5,570.0,504.0,570.0,37759004
PFAVAL.CL,2023,1,555.0,595.0,553.0,573.0,60850438
PFAVAL.CL,2023,2,568.9000244140625,580.0,517.5999755859375,540.0,47386480
PFAVAL.CL,2023,3,542.0999755859375,580.0,515.0999755859375,558.9000244140625,83358976
PFAVAL.CL,2023,4,555.0,610.0,550.0999755859375,588.0,38394156
PFAVAL.CL,2023,5,588.0,588.0,480.0,480.0,16626037
PFAVAL.CL,2023,6,490.6000061035156,525.0,475.0,486.0,34462560
PFAVAL.CL,2023,7,486.0,520.0,483.20001220703125,505.5,28740093
PFAVAL.CL,2023,8,511.0,520.0,455.0,510.0,392969891
PFAVAL.CL,2023,9,482.3999938964844,515.0,440.0,514.5,60616042
PFAVAL.CL,2023,10,510.1000061035156,519.9000244140625,460.0,460.0,22113208
PFAVAL.CL,2023,11,463.0,470.8999938964844,430.0,448.0,12467524
PFAVAL.CL,2023,12,448.0,485.0,426.0,485.0,14376497
PFAVAL.CL,2024,1,485.0,528.0,480.0,515.0,50844897
PFAVAL.CL,2024,2,510.0,510.0,476.0,481.0,22127777
PFAVAL.CL,2024,3,480.0,492.0,408.0,430.0,212335839
PFAVAL.CL,2024,4,428.0,485.0,428.0,463.0,74429357
PFAVAL.CL,2024,5,463.0,491.0,450.0,450.0,41624013
PFAVAL.CL,2024,6,450.0,457.0,431.0,433.0,23504611
PFBCOLOM.CL,2020,1,45800.0,45900.0,43600.0,44700.0,7508388
PFBCOLOM.CL,2020,2,44800.0,47400.0,40540.0,42080.0,17183180
PFBCOLOM.CL,2020,3,40900.0,42300.0,17760.0,27500.0,29115728
PFBCOLOM.CL,2020,4,24360.0,28180.0,23800.0,25880.0,21053240
PFBCOLOM.CL,2020,5,25880.0,25880.0,21400.0,24600.0,20078698
PFBCOLOM.CL,2020,6,25200.0,30380.0,24360.0,24700.0,19834521
PFBCOLOM.CL,2020,7,24660.0,26700.0,24000.0,26500.0,22232611
PFBCOLOM.CL,2020,8,25620.0,27440.0,24100.0,26720.0,14858336
PFBCOLOM.CL,2020,9,28000.0,28280.0,24300.0,24700.0,16642236
PFBCOLOM.CL,2020,10,24680.0,25900.0,23330.0,24500.0,11443166
PFBCOLOM.CL,2020,11,24500.0,28500.0,24500.0,27890.0,13925904
PFBCOLOM.CL,2020,12,28550.0,35700.0,27750.0,35100.0,16632759
PFBCOLOM.CL,2021,1,35100.0,35100.0,30550.0,31520.0,15103803
PFBCOLOM.CL,2021,2,31520.0,32960.0,29810.0,31000.0,10745124
PFBCOLOM.CL,2021,3,31150.0,31360.0,29180.0,29180.0,9867694
PFBCOLOM.CL,2021,4,29180.0,30780.0,28000.0,28000.0,9381342
PFBCOLOM.CL,2021,5,27500.0,29870.0,27000.0,27600.0,14084063
PFBCOLOM.CL,2021,6,28190.0,29030.0,26520.0,26820.0,8282098
PFBCOLOM.CL,2021,7,26700.0,29190.0,26300.0,27800.0,8305667
PFBCOLOM.CL,2021,8,27800.0,31830.0,27300.0,31400.0,12408071
PFBCOLOM.CL,2021,9,31600.0,33000.0,30500.0,33000.0,12617295
PFBCOLOM.CL,2021,10,33090.0,34900.0,32400.0,33800.0,11824506
PFBCOLOM.CL,2021,11,33800.0,34500.0,29600.0,32400.0,11745351
PFBCOLOM.CL,2021,12,34100.0,35680.0,30800.0,32000.0,10217645
PFBCOLOM.CL,2022,1,32120.0,36200.0,30400.0,35240.0,11235902
PFBCOLOM.CL,2022,2,34670.0,35690.0,33010.0,34800.0,11367456
PFBCOLOM.CL,2022,3,35950.0,40380.0,35140.0,40310.0,30180858662
PFBCOLOM.CL,2022,4,40500.0,41110.0,38070.0,39120.0,9556273
PFBCOLOM.CL,2022,5,38400.0,43200.0,34770.0,42300.0,20680811
PFBCOLOM.CL,2022,6,42180.0,42600.0,31700.0,31700.0,12635671
PFBCOLOM.CL,2022,7,32800.0,33270.0,29350.0,31620.0,7747834
PFBCOLOM.CL,2022,8,30900.0,35490.0,30320.0,30580.0,10356696
PFBCOLOM.CL,2022,9,31000.0,34000.0,27380.0,28020.0,7627042
PFBCOLOM.CL,2022,10,29190.0,31250.0,28290.0,31250.0,7491618
PFBCOLOM.CL,2022,11,31770.0,32660.0,30510.0,31990.0,13097192141
PFBCOLOM.CL,2022,12,31510.0,34100.0,30480.0,33550.0,5776242
PFBCOLOM.CL,2023,1,32910.0,35490.0,32910.0,35490.0,8724323
PFBCOLOM.CL,2023,2,35010.0,35690.0,30190.0,30820.0,10099283
PFBCOLOM.CL,2023,3,31090.0,31940.0,26380.0,29180.0,11473251
PFBCOLOM.CL,2023,4,29800.0,33440.0,27620.0,29100.0,7951314
PFBCOLOM.CL,2023,5,29100.0,29100.0,25420.0,25960.0,10250976
PFBCOLOM.CL,2023,6,26190.0,30710.0,25890.0,27990.0,8335166
PFBCOLOM.CL,2023,7,27990.0,30000.0,26600.0,29360.0,8229089
PFBCOLOM.CL,2023,8,30000.0,30140.0,27100.0,27200.0,8962444
PFBCOLOM.CL,2023,9,27210.0,28050.0,25010.0,27080.0,11121883
PFBCOLOM.CL,2023,10,27110.0,27480.0,25980.0,26400.0,5768274
PFBCOLOM.CL,2023,11,26370.0,28320.0,26100.0,27800.0,6522262
PFBCOLOM.CL,2023,12,27800.0,29920.0,27540.0,29920.0,10133888
PFBCOLOM.CL,2024,1,29920.0,33500.0,29820.0,30680.0,7211008
PFBCOLOM.CL,2024,2,30760.0,33100.0,29220.0,32080.0,12715144
PFBCOLOM.CL,2024,3,32100.0,33000.0,31300.0,32880.0,10771822
PFBCOLOM.CL,2024,4,32880.0,35000.0,31120.0,32100.0,21182530
PFBCOLOM.CL,2024,5,32100.0,36100.0,32000.0,34080.0,15195405
PFBCOLOM.CL,2024,6,34080.0,35440.0,32940.0,34080.0,9598157
PFGRUPOARG.CL,2020,1,13500.0,13520.0,12200.0,13000.0,1890915
PFGRUPOARG.CL,2020,2,12940.0,13220.0,11580.0,12500.0,1186003
PFGRUPOARG.CL,2020,3,12500.0,12760.0,5500.0,9420.0,1042285
PFGRUPOARG.CL,2020,4,8130.0,9700.0,7830.0,8100.0,870762
PFGRUPOARG.CL,2020,5,8100.0,8180.0,6500.0,7700.0,740655
PFGRUPOARG.CL,2020,6,7860.0,8530.0,7600.0,7650.0,897065
PFGRUPOARG.CL,2020,7,7950.0,8860.0,7740.0,7740.0,1438497
PFGRUPOARG.CL,2020,8,8080.0,9120.0,7840.0,8800.0,1778031
PFGRUPOARG.CL,2020,9,9270.0,9920.0,9000.0,9920.0,771495
PFGRUPOARG.CL,2020,10,9300.0,9630.0,8020.0,8600.0,864017
PFGRUPOARG.CL,2020,11,8600.0,9720.0,8600.0,9300.0,516566
PFGRUPOARG.CL,2020,12,9500.0,10750.0,9480.0,10500.0,1381144
PFGRUPOARG.CL,2021,1,10500.0,10700.0,10100.0,10300.0,812025
PFGRUPOARG.CL,2021,2,10300.0,10310.0,9600.0,9810.0,414048
PFGRUPOARG.CL,2021,3,9885.0,9900.0,9250.0,9500.0,287568
PFGRUPOARG.CL,2021,4,9500.0,9900.0,8700.0,8705.0,421192
PFGRUPOARG.CL,2021,5,8050.0,9200.0,7200.0,8000.0,736407
PFGRUPOARG.CL,2021,6,8160.0,8700.0,8020.0,8020.0,520102
PFGRUPOARG.CL,2021,7,8255.0,8500.0,7915.0,8050.0,262779
PFGRUPOARG.CL,2021,8,8050.0,8700.0,7505.0,8020.0,665492
PFGRUPOARG.CL,2021,9,8180.0,8340.0,7930.0,8300.0,862882
PFGRUPOARG.CL,2021,10,8355.0,8990.0,8315.0,8600.0,1041223
PFGRUPOARG.CL,2021,11,8600.0,9045.0,8100.0,8815.0,670486
PFGRUPOARG.CL,2021,12,9790.0,10500.0,9015.0,9300.0,1737559
PFGRUPOARG.CL,2022,1,9300.0,12930.0,9300.0,11800.0,2271497
PFGRUPOARG.CL,2022,2,11500.0,12090.0,9100.0,9690.0,1124971
PFGRUPOARG.CL,2022,3,9710.0,10000.0,9030.0,9400.0,333029214
PFGRUPOARG.CL,2022,4,9400.0,9540.0,9000.0,9080.0,766931
PFGRUPOARG.CL,2022,5,9000.0,9200.0,7880.0,9200.0,1010237
PFGRUPOARG.CL,2022,6,9090.0,9160.0,7250.0,7390.0,937563
PFGRUPOARG.CL,2022,7,7120.0,7950.0,6500.0,7700.0,565065
PFGRUPOARG.CL,2022,8,7700.0,7800.0,6500.0,6630.0,615053
PFGRUPOARG.CL,2022,9,6800.0,6800.0,5650.0,6000.0,336967
PFGRUPOARG.CL,2022,10,6390.0,6510.0,5005.0,5900.0,713222
PFGRUPOARG.CL,2022,11,6370.0,6420.0,6000.0,6240.0,136413338
PFGRUPOARG.CL,2022,12,6200.0,6350.0,5670.0,6350.0,413065
PFGRUPOARG.CL,2023,1,6495.0,6495.0,5500.0,5500.0,353375
PFGRUPOARG.CL,2023,2,5600.0,5620.0,4700.0,5550.0,588776
PFGRUPOARG.CL,2023,3,5950.0,6400.0,5361.330078125,5920.0,618602
PFGRUPOARG.CL,2023,4,5761.3798828125,5950.0,5365.0,5675.0,277937
PFGRUPOARG.CL,2023,5,5675.0,5675.0,5200.0,5390.0,474994
PFGRUPOARG.CL,2023,6,5390.0,6150.0,5390.0,6010.0,577343
PFGRUPOARG.CL,2023,7,6010.0,6190.0,5850.0,6080.0,1374984
PFGRUPOARG.CL,2023,8,6310.0,6370.0,5150.0,5370.0,58821233
PFGRUPOARG.CL,2023,9,5370.0,6690.0,5300.0,6615.0,1006894
PFGRUPOARG.CL,2023,10,6600.0,7010.0,6255.0,6500.0,662960
PFGRUPOARG.CL,2023,11,6690.0,7440.0,6310.0,7400.0,671918
PFGRUPOARG.CL,2023,12,7300.0,8460.0,7070.0,8460.0,729012
PFGRUPOARG.CL,2024,1,8460.0,10400.0,8460.0,10300.0,897946
PFGRUPOARG.CL,2024,2,10100.0,10300.0,9000.0,10100.0,863234
PFGRUPOARG.CL,2024,3,10080.0,11600.0,10000.0,11280.0,1232479
PFGRUPOARG.CL,2024,4,11580.0,12240.0,11080.0,11600.0,2927061
PFGRUPOARG.CL,2024,5,11600.0,12460.0,10400.0,11660.0,1686930
PFGRUPOARG.CL,2024,6,11660.0,12160.0,11240.0,11900.0,1161161
PFGRUPSURA.CL,2020,1,29300.0,29400.0,27380.0,27900.0,1941950
PFGRUPSURA.CL,2020,2,27780.0,28860.0,25000.0,26400.0,2398469
PFGRUPSURA.CL,2020,3,26000.0,27000.0,10920.0,16780.0,4060644
PFGRUPSURA.CL,2020,4,15560.0,19560.0,15520.0,18880.0,2067881
PFGRUPSURA.CL,2020,5,18880.0,19000.0,15120.0,15160.0,818281
PFGRUPSURA.CL,2020,6,15900.0,18500.0,15300.0,15880.0,1356916
PFGRUPSURA.CL,2020,7,15900.0,17940.0,15780.0,16320.0,1294700
PFGRUPSURA.CL,2020,8,16400.0,18460.0,16200.0,18000.0,1411445
PFGRUPSURA.CL,2020,9,18880.0,19960.0,18000.0,18500.0,1594594
PFGRUPSURA.CL,2020,10,18080.0,18780.0,15510.0,16710.0,752446
PFGRUPSURA.CL,2020,11,16710.0,18470.0,16650.0,18000.0,2280295
PFGRUPSURA.CL,2020,12,18400.0,22650.0,18000.0,22000.0,3544900
PFGRUPSURA.CL,2021,1,22000.0,22470.0,20400.0,20500.0,1191436
PFGRUPSURA.CL,2021,2,20500.0,21500.0,19400.0,19900.0,980905
PFGRUPSURA.CL,2021,3,20310.0,20390.0,18640.0,18940.0,1082608
PFGRUPSURA.CL,2021,4,18940.0,19000.0,16850.0,16940.0,822739
PFGRUPSURA.CL,2021,5,16300.0,18360.0,16220.0,17600.0,1027383
PFGRUPSURA.CL,2021,6,18000.0,36980.0,16520.0,16520.0,630108
PFGRUPSURA.CL,2021,7,16500.0,17550.0,16100.0,16280.0,462009
PFGRUPSURA.CL,2021,8,16300.0,18390.0,15810.0,17850.0,903237
PFGRUPSURA.CL,2021,9,18170.0,18520.0,17630.0,18420.0,909700
PFGRUPSURA.CL,2021,10,18550.0,19260.0,18440.0,18890.0,1485719
PFGRUPSURA.CL,2021,11,18890.0,20250.0,18200.0,19920.0,1059200
PFGRUPSURA.CL,2021,12,24000.0,24800.0,20900.0,22250.0,2872548
PFGRUPSURA.CL,2022,1,22300.0,28800.0,20300.0,28740.0,4300838
PFGRUPSURA.CL,2022,2,27400.0,29000.0,22150.0,23050.0,3240547
PFGRUPSURA.CL,2022,3,23000.0,24500.0,21900.0,22300.0,764226737
PFGRUPSURA.CL,2022,4,22400.0,22900.0,21240.0,21800.0,955439
PFGRUPSURA.CL,2022,5,21790.0,23000.0,20900.0,22300.0,1704242
PFGRUPSURA.CL,2022,6,22310.0,22800.0,16500.0,16500.0,1697652
PFGRUPSURA.CL,2022,7,15900.0,17980.0,15400.0,15400.0,703676
PFGRUPSURA.CL,2022,8,15080.0,16600.0,15000.0,15520.0,726460
PFGRUPSURA.CL,2022,9,15480.0,15550.0,12600.0,12800.0,853381
PFGRUPSURA.CL,2022,10,13030.0,13900.0,11610.0,13660.0,770028
PFGRUPSURA.CL,2022,11,14970.0,15490.0,12830.0,13000.0,429796305
PFGRUPSURA.CL,2022,12,13000.0,13220.0,12000.0,13200.0,722373
PFGRUPSURA.CL,2023,1,13178.1796875,13400.0,11920.0,12280.0,587008
PFGRUPSURA.CL,2023,2,12280.0,12280.0,9600.0,9600.0,1296374
PFGRUPSURA.CL,2023,3,10200.0,12230.0,10000.0,11290.0,1743335
PFGRUPSURA.CL,2023,4,11290.0,12070.0,10650.0,11600.0,810319
PFGRUPSURA.CL,2023,5,11600.0,11990.0,11000.0,11250.0,464701
PFGRUPSURA.CL,2023,6,11250.0,14010.0,11250.0,12950.0,1219128
PFGRUPSURA.CL,2023,7,12950.0,14440.0,12900.0,14400.0,907648
PFGRUPSURA.CL,2023,8,13910.0,14300.0,12010.0,12500.0,489539059
PFGRUPSURA.CL,2023,9,12200.0,12700.0,10500.0,12270.0,4423382
PFGRUPSURA.CL,2023,10,12490.0,12600.0,11810.0,12010.0,786604
PFGRUPSURA.CL,2023,11,11960.0,12600.0,11800.0,12360.0,856421
PFGRUPSURA.CL,2023,12,12500.0,13780.0,12100.0,13500.0,970513
PFGRUPSURA.CL,2024,1,13500.0,17680.0,13500.0,16400.0,2237099
PFGRUPSURA.CL,2024,2,16400.0,17080.0,15700.0,16220.0,2401718
PFGRUPSURA.CL,2024,3,16320.0,19500.0,16320.0,18540.0,3154067
PFGRUPSURA.CL,2024,4,18540.0,23920.0,18540.0,23120.0,4283696
PFGRUPSURA.CL,2024,5,23120.0,27800.0,18500.0,24000.0,3032172
PFGRUPSURA.CL,2024,6,24000.0,25500.0,24020.0,24420.0,1667073
